Bruce Schneier,(212)456-7890
Schneier, Bruce,212-456-7891
Schneier, Bruce Wayne,(212)456-7892
O’Malley, John F.,(212)-456-7893
John O’Malley-Smith,212.456.7894
Ron O’Henry-Smith-Barnes,2124567895
Brad Everett Samuel Smith,+12124567896
アイヌ イタク,+12124567897
Čeština,+1 212.456.7898
Mooring Böökingharde,(703) 123-1234 ext 204
LùGáànda,+1-212-456-7900
Ελληνικά,+447911123456
Русский язык,+44-7911 123456
你好,0473 36 29 65
L33t Hacker,+8618980642709
<Script>alert(“XSS”)</Script>,123-1234
select * from users;,011 123 123 1234
k@tielkazzo,011 1 703 111 1234
<body onbeforeprint=console.log(1)>,12345.56789
xxx@xxx.xxx’ OR 1 = 1 LIMIT 1 — ‘ ],+212-456-7899
Juan García Reyes,123
Rodriguez y Calderón, Carla,<script>alert(“XSS”)</script>
Marc-André ter Stegen,+01 (703) 123-1234
Kagawa, Shinji,123456789ext
あいこあけみ,+1234 (201) 123-1234
Katie Rink,(703) 123-1234 e 204